<yas>
    <scene root="scene" axis_length="10.0"/>

    <views default="perspective-front">
        <perspective id="perspective-front" near="0.5" far="500" angle="20">
            <from x="-120" y="50" z="-120"/>
            <to x="60" y="5.0" z="10"/>
        </perspective>
        <perspective id="perspective-entry" near="0.5" far="500" angle="60">
            <from x="80" y="30" z="-80"/>
            <to x="-10.0" y="-2.0" z="15.0"/>
        </perspective>
        <perspective id="perspective-terrace" near="0.5" far="500" angle="60">
            <from x="-10" y="15" z="7.5"/>
            <to x="10.0" y="4.0" z="7.5"/>
        </perspective>
        <perspective id="perspective-deck" near="0.5" far="500" angle="60">
            <from x="27.5" y="7" z="32.5"/>
            <to x="27.5" y="0" z="-20.0"/>
        </perspective>
        <ortho id="ortho-general" near="0.5" far="500" left="-50" right="50" top="50" bottom="-50">
            <from x="20" y="100" z="-15" />
            <to x="19" y="5" z="-14" />
        </ortho>
    </views>

    <ambient>
        <ambient r="0.1" g="0.1" b="0.1" a="1.0"/>
        <background r="0.075" g="0.125" b="0.150" a="1.0"/>
    </ambient>


    <lights>
        <omni id="omni-terrace" enabled="1">
            <location x="15" y="10" z="12.5" w="1"/>
            <ambient r="0.3" g="0.3" b="0.3" a="1.0"/>
            <diffuse r="0.7" g="0.7" b="0.7" a="1.0"/>
            <specular r="0.9" g="0.8" b="0.7" a="1.0"/>
        </omni>
        <omni id="omni-front" enabled="1">
            <location x="10" y="20" z="-40" w="1"/>
            <ambient r="0.5" g="0.5" b="0.5" a="1.0"/>
            <diffuse r="0.2" g="0.2" b="0.2" a="1.0"/>
            <specular r="0.6" g="0.7" b="1.0" a="1.0"/>
        </omni>
        <omni id="omni-entry" enabled="1">
            <location x="55" y="10" z="-27.5" w="1"/>
            <ambient r="0.25" g="0.25" b="0.25" a="1.0"/>
            <diffuse r="0.35" g="0.45" b="0.25" a="1.0"/>
            <specular r="0.8" g="0.8" b="0.8" a="1.0"/>
        </omni>
        <omni id="omni-engineering" enabled="1">
            <location x="10" y="10" z="7" w="1"/>
            <ambient r="0.55" g="0.18" b="0.098" a="1.0"/>
            <diffuse r="0.55" g="0.18" b="0.098" a="1.0"/>
            <specular r="0.55" g="0.18" b="0.098" a="1.0"/>
        </omni>
        <spot id="spot-logo" enabled="1" angle="45" exponent="15">
            <location x="20" y="20" z="-40" w="1"/>
            <target x="22.5" y="20" z="-40"/>
            <ambient r="0.2" g="0.2" b="0.2" a="1"/>
            <diffuse r="0.7" g="0.7" b="0.7" a="1"/>
            <specular r="0.7" g="0.7" b="0.7" a="1"/>
        </spot>
    </lights>

    <textures>
        <texture id="tex-stone" file="scenes/images/stone.jpg"/>
        <texture id="tex-pink" file="scenes/images/pink.jpg"/>
        <texture id="tex-window" file="scenes/images/window.png"/>
        <texture id="tex-wood" file="scenes/images/wood.jpg"/>
        <texture id="tex-stone2" file="scenes/images/seamless-stone.jpg"/>
        <texture id="tex-pine" file="scenes/images/pine.jpg"/>
        <texture id="tex-green" file="scenes/images/green.jpg"/>
        <texture id="tex-somersby" file="scenes/images/somersby.jpg"/>
        <texture id="tex-red" file="scenes/images/red.jpg"/>
        <texture id="tex-superbock" file="scenes/images/superbock.jpg"/>
        <texture id="tex-metal" file="scenes/images/metal.jpg"/>
        <texture id="tex-dark-grey" file="scenes/images/dark-grey.jpg"/>
        <texture id="tex-little-rocks" file="scenes/images/little-rocks.jpg"/>
        <texture id="tex-grass" file="scenes/images/grass.jpeg"/>
        <texture id="tex-aefeup" file="scenes/images/aefeup.jpg"/>
    </textures>

    <materials>
        <material id="mat-default" shininess="10">
            <emission r="0" g="0" b="0" a="1" />
            <ambient r="0.1" g="0.1" b="0.1" a="1" />
            <diffuse r="0.678" g="0.698" b="0.741" a="1" />
            <specular r="0.03" g="0.03" b="0.03" a="1" />
        </material>
        <material id="mat-windows" shininess="10">
            <emission r="0.7" g="0.7" b="0.7" a="0"/>
            <ambient r="0.1" g="0.1" b="0.1" a="1"/>
            <diffuse r="0.5" g="0.5" b="0.5" a="1"/>
            <specular r="0.7" g="0.7" b="0.7" a="1"/>
        </material>
        <material id="mat-blue" shininess="1">
            <emission r="0.7" g="0.7" b="0.7" a="0"/>
            <ambient r="0.117" g="0.0.564" b="1" a="1"/>
            <diffuse r="0.0.117" g="0.0.564" b="1" a="1"/>
            <specular r="0.117" g="0.0.564" b="1" a="1"/>
        </material>
        <material id="mat-chocolate" shininess="0.2">
            <emission r="0.0" g="0.0" b="0.0" a="0"/>
            <ambient r="0.82" g="0.411" b="0.117" a="1"/>
            <diffuse r="0.82" g="0.411" b="0.117" a="1"/>
            <specular r="0.82" g="0.411" b="0.117" a="1"/>
        </material>
        <material id="mat-red" shininess="0.2">
            <emission r="0.0" g="0.0" b="0.0" a="0"/>
            <ambient r="0.55" g="0.18" b="0.098" a="1.0"/>
            <diffuse r="0.55" g="0.18" b="0.098" a="1.0"/>
            <specular r="0.55" g="0.18" b="0.098" a="1.0"/>
        </material>
    </materials>

    <transformations>
        <transformation id="trans-wc-windows">
            <rotate axis="y" angle="-90"/>
            <translate x="-50" y="5" z="-27.5" />
            <scale x="0.5" y="0.3" z="0.7" />
        </transformation>
        <transformation id="trans-down-windows">
            <rotate axis="y" angle="90"/>
            <translate x="8" y="0" z="49.5" />
        </transformation>
        <transformation id="trans-building1">
            <scale x="25" y="5" z="7.5" />
            <translate x="0" y="0" z="-2" />
        </transformation>
        <transformation id="trans-building2">
            <scale x="11" y="5" z="15" />
            <translate x="2.5" y="0" z="-3" />
        </transformation>
        <transformation id="trans-building3">
            <scale x="12" y="5" z="5" />
            <translate x="3" y="0" z="0" />
        </transformation>
        <transformation id="trans-building4">
            <translate x="35.2" y="0" z="0" />
            <scale x="0.5" y="5" z="8.75" />
        </transformation>
        <transformation id="trans-building5">
            <scale x="11" y="5" z="17.5" />
            <translate x="2.5" y="2" z="-2.5" />
        </transformation>
        <transformation id="trans-rooftop1">
            <scale x="25" y="0.05" z="7.5" />
            <translate x="0" y="200" z="-2" />
        </transformation>
        <transformation id="trans-rooftop2">
            <scale x="12.5" y="0.05" z="5" />
            <translate x="2.8" y="200" z="0" />
        </transformation>
        <transformation id="trans-rooftop3">
            <scale x="11" y="0.05" z="17.55" />
            <translate x="2.5" y="400" z="-2.5" />
        </transformation>
        <transformation id="trans-rooftop4">
            <scale x="11" y="0.05" z="17.55" />
            <translate x="2.5" y="200" z="-2.57" />
        </transformation>
        <transformation id="trans-stone-floor">
            <scale x="7.53" y="0.05" z="7" />
                <translate x="4.65" y="0" z="1.4" />
        </transformation>
        <transformation id="trans-exterior-floor">
            <rotate axis="x" angle="-90"/>
                <scale x="17.5" y="12" z="0.1" />
                <translate x="0" y="-2" z="0" />
        </transformation>
    </transformations>

    <primitives>
        <primitive id="triangle">
            <triangle x1="0" y1="0" z1="-1" x2="0" y2="1" z2="0" x3="0" y3="0" z3="1"/>
        </primitive>
        <primitive id="rectangle">
            <rectangle x1="0" y1="0" x2="1" y2="1" />
        </primitive>
        <primitive id="cylinder">
            <cylinder base="1" top="1" height="1" stacks="1" slices="64"/>
        </primitive>
        <primitive id="sphere">
            <sphere radius="1" stacks="32" slices="64"/>
        </primitive>
        <primitive id="torus">
            <torus inner="1" outer="5" slices="20" loops="10" />
        </primitive>
        <primitive id="cone">
            <cylinder base="3" top="1" height="5" slices="150" stacks="150"/>
        </primitive>
    </primitives>

    <components>
        <component id="scene">
            <transformation>
            </transformation>
            <materials>
                <material id="mat-default"/>
            </materials>
            <texture id="none"/>
            <children>
                <componentref id="floors"/>
                <componentref id="walls"/>
                <componentref id="windows"/>
                <componentref id="sets"/>
                <componentref id="ball"/>
                <componentref id="umbrella"/>
                <componentref id="awning"/>
                <componentref id="building"/>
                <componentref id="rooftop"/>
            </children>
        </component>

        <component id="building">
            <transformation>
            </transformation>
            <materials>
                <material id="inherit"/>
            </materials>
            <texture id="tex-pink"/>
            <children>
                <componentref id="building1"/>
                <componentref id="building2"/>
                <componentref id="building3"/>
                <componentref id="building4"/>
                <componentref id="building5"/>

            </children>
        </component>

        <component id="rooftop">
            <transformation>
            </transformation>
            <materials>
                <material id="inherit"/>
            </materials>
            <texture id="tex-little-rocks"/>
            <children>
                <componentref id="rooftop1"/>
                <componentref id="rooftop2"/>
                <componentref id="rooftop3"/>
                <componentref id="rooftop4"/>
            </children>
        </component>

        <component id="building1">
            <transformation>
                <transformationref id="trans-building1" />
            </transformation>
            <materials>
                <material id="inherit"/>
            </materials>
            <texture id="inherit" length_s="1.0" length_t="1.0"/>
            <children>
                <primitiveref id="cube"/>
            </children>
        </component>

        <component id="building2">
            <transformation>
                <transformationref id="trans-building2" />
            </transformation>
            <materials>
                <material id="inherit"/>
            </materials>
            <texture id="inherit" length_s="1.0" length_t="1.0"/>
            <children>
                <primitiveref id="cube"/>
            </children>
        </component>

        <component id="building3">
            <transformation>
                <transformationref id="trans-building3" />
            </transformation>
            <materials>
                <material id="inherit"/>
            </materials>
            <texture id="inherit" length_s="1.0" length_t="1.0"/>
            <children>
                <primitiveref id="cube"/>
            </children>
        </component>

        <component id="building4">
            <transformation>
                <transformationref id="trans-building4" />
            </transformation>
            <materials>
                <material id="inherit"/>
            </materials>
            <texture id="inherit" length_s="1.0" length_t="1.0"/>
            <children>
                <primitiveref id="cube"/>
            </children>
        </component>

        <component id="building5">
            <transformation>
                <transformationref id="trans-building5" />
            </transformation>
            <materials>
                <material id="inherit"/>
            </materials>
            <texture id="inherit" length_s="1.0" length_t="1.0"/>
            <children>
                <primitiveref id="cube"/>
            </children>
        </component>

        <component id="rooftop1">
            <transformation>
                <transformationref id="trans-rooftop1" />
            </transformation>
            <materials>
                <material id="inherit"/>
            </materials>
            <texture id="inherit" length_s="50" length_t="15"/>
            <children>
                <primitiveref id="cube"/>
            </children>
        </component>
        <component id="rooftop2">
            <transformation>
                <transformationref id="trans-rooftop2" />
            </transformation>
            <materials>
                <material id="inherit"/>
            </materials>
            <texture id="inherit" length_s="1" length_t="1"/>
            <children>
                <primitiveref id="cube"/>
            </children>
        </component>

        <component id="rooftop3">
            <transformation>
                <transformationref id="trans-rooftop3" />
            </transformation>
            <materials>
                <material id="inherit"/>
            </materials>
            <texture id="inherit" length_s="1" length_t="1"/>
            <children>
                <primitiveref id="cube"/>
            </children>
        </component>

        <component id="rooftop4">
            <transformation>
                <transformationref id="trans-rooftop4" />
            </transformation>
            <materials>
                <material id="inherit"/>
            </materials>
            <texture id="inherit" length_s="1" length_t="1"/>
            <children>
                <primitiveref id="cube"/>
            </children>
        </component>

        <component id="floors">
            <transformation>
            </transformation>
            <materials>
                <material id="mat-default"/>
            </materials>
            <texture id="none"/>
            <children>
                <componentref id="exterior-floor"/>
                <componentref id="stone-floor"/>
                <componentref id="deck"/>
                <componentref id="hall"/>
                <componentref id="entry1"/>
                <componentref id="entry2"/>
                <componentref id="grass-floor"/>
            </children>
        </component>

        <component id="stone-floor">
            <transformation>
                <transformationref id="trans-stone-floor" />
            </transformation>
            <materials>
                <material id="inherit"/>
            </materials>
            <texture id="tex-little-rocks" length_s="1" length_t="1"/>
            <children>
                <primitiveref id="cube"/>
            </children>
        </component>

        <component id="exterior-floor">
            <transformation>
                <transformationref id="trans-exterior-floor" />
            </transformation>
            <materials>
                <material id="inherit"/>
            </materials>
            <texture id="tex-stone" length_s="1.0" length_t="1.0"/>
            <children>
                <primitiveref id="cube"/>
            </children>
        </component>

        <component id="grass-floor">
            <transformation>
                <rotate axis="x" angle="-90"/>
                <scale x="15" y="15" z="0.1" />
                <translate x="0" y="1" z="0" />
            </transformation>
            <materials>
                <material id="inherit"/>
            </materials>
            <texture id="tex-grass" length_s="1.0" length_t="1.0"/>
            <children>
                <primitiveref id="cube"/>
            </children>
        </component>

        <component id="deck">
            <transformation>
                <rotate axis="x" angle="-90"/>
                <scale x="7.8" y="12" z="0.11" />
                <translate x="2.5" y="-2" z="0.25" />
            </transformation>
            <materials>
                <material id="inherit"/>
            </materials>
            <texture id="tex-wood" length_s="1.0" length_t="1.0"/>
            <children>
                <primitiveref id="cube"/>
            </children>
        </component>

        <component id="hall">
            <transformation>
                <rotate axis="x" angle="-90"/>
                <scale x="17.5" y="1.75" z="0.2" />
                <translate x="0" y="-2" z="0.1" />
            </transformation>
            <materials>
                <material id="inherit"/>
            </materials>
            <texture id="tex-stone2" length_s="1.0" length_t="1.0"/>
            <children>
                <primitiveref id="cube"/>
            </children>
        </component>

        <component id="entry1">
            <transformation>
                <rotate axis="x" angle="-90"/>
                <scale x="5.3" y="22.5" z="0.2" />
                <translate x="9.3" y="0" z="-1" />
            </transformation>
            <materials>
                <material id="inherit"/>
            </materials>
            <texture id="tex-stone2" length_s="1.0" length_t="1.0"/>
            <children>
                <primitiveref id="cube"/>
            </children>
        </component>

        <component id="entry2">
            <transformation>
                <rotate axis="x" angle="-90"/>
                <scale x="30" y="4" z="0.2" />
                <translate x="0" y="11.25" z="-1" />
            </transformation>
            <materials>
                <material id="inherit"/>
            </materials>
            <texture id="tex-stone2" length_s="1.0" length_t="1.0"/>
            <children>
                <primitiveref id="cube"/>
            </children>
        </component>

        <component id="walls">
            <transformation>
            </transformation>
            <materials>
                <material id="mat-default"/>
            </materials>
            <texture id="tex-pink"/>
            <children>
                <componentref id="somersby-wall"/>
                <componentref id="logo"/>
            </children>
        </component>

        <component id="somersby-wall">
            <transformation>
                <rotate axis="y" angle="-90"/>
                <scale x="17.5" y="10" z="1" />
                <translate x="0" y="0" z="-35" />
            </transformation>
            <materials>
                <material id="inherit"/>
            </materials>
            <texture id="tex-somersby" length_s="1.0" length_t="1.0"/>
            <children>
                <primitiveref id="rectangle"/>
            </children>
        </component>

        <component id="logo">
            <transformation>
                <rotate axis="y" angle="-90"/>
                <scale x="10" y="3" z="1" />
                <translate x="-4.35" y="5.6" z="-27.4" />
            </transformation>
            <materials>
                <material id="inherit"/>
            </materials>
            <texture id="tex-aefeup" length_s="1.0" length_t="1.0"/>
            <children>
                <primitiveref id="rectangle"/>
            </children>
        </component>

        <component id="windows">
            <transformation>
            </transformation>
            <materials>
                <material id="mat-windows"/>
                <material id="mat-blue"/>
                <material id="mat-chocolate"/>
                <material id="mat-red"/>
            </materials>
            <texture id="tex-window" length_s="1.0" length_t="1.0"/>
            <children>
                <componentref id="front-windows"/>
                <componentref id="exterior-windows"/>
                <componentref id="back-windows"/>
                <componentref id="down-windows"/>
                <componentref id="wc-windows"/>
                <componentref id="corner-windows"/>
                <componentref id="coatrack-windows"/>
                <componentref id="door1-windows"/>
                <componentref id="door2-windows"/>
            </children>
        </component>

        <component id="front-windows">
            <transformation>
                <rotate axis="y" angle="-90"/>
                <translate x="-43.3" y="13" z="-27.5" />
                <scale x="1" y="0.5" z="1" />
            </transformation>
            <materials>
                <material id="inherit"/>
            </materials>
            <texture id="tex-window" length_s="1.0" length_t="1.0"/>
            <children>
                <componentref id="exterior-windows"/>
            </children>
        </component>

        <component id="back-windows">
            <transformation>
                <rotate axis="y" angle="90"/>
                <translate x="9.1" y="13" z="49.5" />
                <scale x="1" y="0.5" z="1" />
            </transformation>
            <materials>
                <material id="inherit"/>
            </materials>
            <texture id="tex-window" length_s="1.0" length_t="1.0"/>
            <children>
                <componentref id="exterior-windows"/>
            </children>
        </component>

        <component id="down-windows">
            <transformation>
                <transformationref id="trans-down-windows" />
            </transformation>
            <materials>
                <material id="inherit"/>
            </materials>
            <texture id="tex-window" length_s="1.0" length_t="1.0"/>
            <children>
                <componentref id="exterior-windows"/>
            </children>
        </component>

        <component id="exterior-windows">
            <transformation>
            </transformation>
            <materials>
                <material id="inherit"/>
            </materials>
            <texture id="tex-window" length_s="1.0" length_t="1.0"/>
            <children>
                <componentref id="window-1"/>
                <componentref id="window-2"/>
                <componentref id="window-3"/>
                <componentref id="window-4"/>
                <componentref id="window-5"/>
            </children>
        </component>

        <component id="wc-windows">
            <transformation>
                <transformationref id="trans-wc-windows" />
            </transformation>
            <materials>
                <material id="inherit"/>
            </materials>
            <texture id="inherit" length_s="1.0" length_t="1.0"/>
            <children>
                <componentref id="window-1"/>
                <componentref id="window-2"/>
                <componentref id="window-3"/>
            </children>
        </component>

        <component id="corner-windows">
            <transformation>
            </transformation>
            <materials>
                <material id="inherit"/>
            </materials>
            <texture id="inherit" length_s="1.0" length_t="1.0"/>
            <children>
                <componentref id="corner1-window"/>
                <componentref id="corner2-window"/>
            </children>
        </component>

        <component id="corner1-window">
            <transformation>
                <rotate axis="y" angle="-90"/>
                <translate x="-49.5" y="0" z="-27.5" />
            </transformation>
            <materials>
                <material id="inherit"/>
            </materials>
            <texture id="inherit" length_s="1.0" length_t="1.0"/>
            <children>
                <componentref id="window-1"/>
                <componentref id="window-2"/>
            </children>
        </component>

        <component id="corner2-window">
            <transformation>
                <rotate axis="y" angle="180"/>
                <translate x="-47.8" y="0" z="15" />
            </transformation>
            <materials>
                <material id="inherit"/>
            </materials>
            <texture id="inherit" length_s="1.0" length_t="1.0"/>
            <children>
                <componentref id="window-1"/>
                <componentref id="window-2"/>
            </children>
        </component>

        <component id="coatrack-windows">
            <transformation>
                <translate x="21" y="1.5" z="10" />
                <scale x="0.8" y="0.8" z="0.7" />
            </transformation>
            <materials>
                <material id="inherit"/>
            </materials>
            <texture id="tex-window" length_s="1.0" length_t="1.0"/>
            <children>
                <componentref id="window-1"/>
                <componentref id="window-2"/>
            </children>
        </component>

        <component id="door1-windows">
            <transformation>
                <rotate axis="y" angle="90"/>
                <translate x="-15" y="0" z="50" />
            </transformation>
            <materials>
                <material id="inherit"/>
            </materials>
            <texture id="inherit"/>
            <children>
                <componentref id="door"/>
                <componentref id="window-2"/>
            </children>
        </component>

        <component id="door2-windows">
            <transformation>
                <rotate axis="y" angle="180"/>
                <translate x="-65" y="0" z="44.85" />
            </transformation>
            <materials>
                <material id="inherit"/>
            </materials>
            <texture id="inherit"/>
            <children>
                <componentref id="door"/>
                <componentref id="window-1"/>
                <componentref id="window-2"/>
            </children>
        </component>

        <component id="door">
            <transformation>
                <translate x="17.1" y="0" z="0.1" />
                <scale x="0.5" y="1" z="1" />
            </transformation>
            <materials>
                <material id="inherit"/>
            </materials>
            <texture id="inherit"/>
            <children>
                <componentref id="window-5"/>
            </children>
        </component>

        <component id="window-1">
            <transformation>
                <translate x="27.4" y="0" z="0.1" />
            </transformation>
            <materials>
                <material id="inherit"/>
            </materials>
            <texture id="inherit"/>
            <children>
                <componentref id="window-5"/>
            </children>
        </component>

        <component id="window-2">
            <transformation>
                <translate x="20.55" y="0" z="0.1" />
            </transformation>
            <materials>
                <material id="inherit"/>
            </materials>
            <texture id="inherit"/>
            <children>
                <componentref id="window-5"/>
            </children>
        </component>

        <component id="window-3">
            <transformation>
                <translate x="13.7" y="0" z="0.1" />
            </transformation>
            <materials>
                <material id="inherit"/>
            </materials>
            <texture id="inherit"/>
            <children>
                <componentref id="window-5"/>
            </children>
        </component>

        <component id="window-4">
            <transformation>
                <translate x="6.85" y="0" z="0.1" />
            </transformation>
            <materials>
                <material id="inherit"/>
            </materials>
            <texture id="inherit"/>
            <children>
                <componentref id="window-5"/>
            </children>
        </component>

        <component id="window-5">
            <transformation>
                <scale x="7" y="7" z="1" />
                <translate x="0" y="0" z="0.1" />
            </transformation>
            <materials>
                <material id="inherit"/>
            </materials>
            <texture id="inherit"/>
            <children>
                <primitiveref id="rectangle"/>
            </children>
        </component>

        <component id="cube">
            <transformation>
                <scale x="2" y="2" z="2" />
            </transformation>
            <materials>
                <material id="inherit"/>
            </materials>
            <texture id="none"/>
            <children>
                <componentref id="side-1"/>
                <componentref id="side-2"/>
                <componentref id="side-3"/>
                <componentref id="side-4"/>
                <componentref id="side-5"/>
                <componentref id="side-6"/>
            </children>
        </component>

        <component id="side-1">            <!--TRAS-->
            <transformation>
                <rotate axis="y" angle="90"/>
                <translate x="-1" y="0" z="1" />
            </transformation>
            <materials>
                <material id="inherit"/>
            </materials>s
            <texture id="inherit"/>
            <children>
                <primitiveref id="rectangle"/>
            </children>
        </component>

        <component id="side-2">            <!--FRENTE-->
            <transformation>
                <rotate axis="y" angle="-90"/>
            </transformation>
            <materials>
                <material id="inherit"/>
            </materials>
            <texture id="inherit"/>
            <children>
                <primitiveref id="rectangle"/>
            </children>
        </component>

        <component id="side-3">            <!--ESQUERDA-->
            <transformation>
                <rotate axis="y" angle="180"/>
                <translate x="-1" y="0" z="0" />
            </transformation>
            <materials>
                <material id="inherit"/>
            </materials>
            <texture id="inherit"/>
            <children>
                <primitiveref id="rectangle"/>
            </children>
        </component>

        <component id="side-4">            <!--DIREITA-->
            <transformation>
                <translate x="0" y="0" z="1" />
            </transformation>
            <materials>
                <material id="inherit"/>
            </materials>
            <texture id="inherit"/>
            <children>
                <primitiveref id="rectangle"/>
            </children>
        </component>

        <component id="side-5">            <!--CIMA-->
            <transformation>
                <rotate axis="x" angle="-90"/>
                <translate x="0" y="-1" z="1" />
            </transformation>
            <materials>
                <material id="inherit"/>
            </materials>
            <texture id="inherit"/>
            <children>
                <primitiveref id="rectangle"/>
            </children>
        </component>

        <component id="side-6">            <!--BAIXO-->
            <transformation>
                <rotate axis="x" angle="90"/>
                <translate x="0" y="0" z="0" />
            </transformation>
            <materials>
                <material id="inherit"/>
            </materials>
            <texture id="inherit"/>
            <children>
                <primitiveref id="rectangle"/>
            </children>
        </component>

        <component id="sets">
            <transformation>
            </transformation>
            <materials>
                <material id="inherit"/>
            </materials>
            <texture id="none"/>
            <children>
                <componentref id="set1"/>
                <componentref id="set2"/>
                <componentref id="set3"/>
                <componentref id="set4"/>
                <componentref id="set5"/>
                <componentref id="rsets"/>
            </children>
        </component>

        <component id="set1">
            <transformation>
                <translate x="30" y="-0.5" z="10.5" />
            </transformation>
            <materials>
                <material id="inherit"/>
            </materials>
            <texture id="none"/>
            <children>
                <componentref id="set"/>
            </children>
        </component>

        <component id="set2">
            <transformation>
                <translate x="29" y="-0.5" z="4" />
            </transformation>
            <materials>
                <material id="inherit"/>
            </materials>
            <texture id="none"/>
            <children>
                <componentref id="set"/>
            </children>
        </component>

        <component id="set3">
            <transformation>
                <translate x="22.5" y="-0.5" z="4.5" />
            </transformation>
            <materials>
                <material id="inherit"/>
            </materials>
            <texture id="none"/>
            <children>
                <componentref id="set"/>
            </children>
        </component>

        <component id="set4">
            <transformation>
                <rotate axis="y" angle="90" />
                <translate x="-15.5" y="-0.5" z="20.5" />
            </transformation>
            <materials>
                <material id="inherit"/>
            </materials>
            <texture id="none"/>
            <children>
                <componentref id="set"/>
            </children>
        </component>

        <component id="set5">
            <transformation>
                <rotate axis="y" angle="90" />
                <translate x="-22" y="-0.5" z="26.5" />
            </transformation>
            <materials>
                <material id="inherit"/>
            </materials>
            <texture id="none"/>
            <children>
                <componentref id="set"/>
            </children>
        </component>

        <component id="wtable">
            <transformation>
                <translate x="0" y="0.5" z="1" />
            </transformation>
            <materials>
                <material id="inherit"/>
            </materials>
            <texture id="tex-pine" length_s="1.0" length_t="1.0"/>
            <children>
                <componentref id="table-leg1"/>
                <componentref id="table-leg2"/>
                <componentref id="table-leg3"/>
                <componentref id="table-leg4"/>
                <componentref id="table-seat"/>
            </children>
        </component>

        <component id="table-leg1">
            <transformation>
                <scale x="0.1" y="1" z="0.1" />
            </transformation>
            <materials>
                <material id="inherit"/>
            </materials>
            <texture id="inherit"/>
            <children>
                <componentref id="cube"/>
            </children>
        </component>

        <component id="table-leg2">
            <transformation>
                <translate x="0" y="0" z="4" />
                <scale x="0.1" y="1" z="0.1" />
            </transformation>
            <materials>
                <material id="inherit"/>
            </materials>
            <texture id="inherit"/>
            <children>
                <primitiveref id="cube"/>
            </children>
        </component>

        <component id="table-leg3">
            <transformation>
                <translate x="2" y="0" z="0" />
                <scale x="0.1" y="1" z="0.1" />
            </transformation>
            <materials>
                <material id="inherit"/>
            </materials>
            <texture id="inherit"/>
            <children>
                <primitiveref id="cube"/>
            </children>
        </component>

        <component id="table-leg4">
            <transformation>
                <translate x="2" y="0" z="4" />
                <scale x="0.1" y="1" z="0.1" />
            </transformation>
            <materials>
                <material id="inherit"/>
            </materials>
            <texture id="inherit"/>
            <children>
                <primitiveref id="cube"/>
            </children>
        </component>

        <component id="table-seat">
            <transformation>
                <translate x="0" y="2" z="0" />
                <scale x="1.1" y="0.3" z="2.1" />
            </transformation>
            <materials>
                <material id="inherit"/>
            </materials>
            <texture id="inherit"/>
            <children>
                <primitiveref id="cube"/>
            </children>
        </component>

        <component id="set">
            <transformation>
            </transformation>
            <materials>
                <material id="inherit"/>
            </materials>
            <texture id="none"/>
            <children>
                <componentref id="chairs"/>
                <componentref id="wtable"/>
            </children>
        </component>

        <component id="rsets">
            <transformation>
            </transformation>
            <materials>
                <material id="inherit"/>
            </materials>
            <texture id="none"/>
            <children>
                <componentref id="rset1"/>
                <componentref id="rset2"/>
                <componentref id="rset3"/>
                <componentref id="rset4"/>
                <componentref id="rset5"/>
                <componentref id="rset6"/>
                <componentref id="rset7"/>
                <componentref id="rset8"/>
                <componentref id="rset9"/>
            </children>
        </component>

        <component id="rset1">
            <transformation>
                <translate x="2" y="0" z="5" />
            </transformation>
            <materials>
                <material id="inherit"/>
            </materials>
            <texture id="none"/>
            <children>
                <componentref id="red-chairs"/>
                <componentref id="rtable"/>
            </children>
        </component>

        <component id="rset2">
            <transformation>
                <translate x="3" y="0" z="18" />
            </transformation>
            <materials>
                <material id="inherit"/>
            </materials>
            <texture id="none"/>
            <children>
                <componentref id="red-chairs"/>
                <componentref id="rtable"/>
            </children>
        </component>

        <component id="rset3">
            <transformation>
                <translate x="15" y="0" z="3.5" />
            </transformation>
            <materials>
                <material id="inherit"/>
            </materials>
            <texture id="none"/>
            <children>
                <componentref id="red-chairs"/>
                <componentref id="rtable"/>
            </children>
        </component>

        <component id="rset4">
            <transformation>
                <translate x="13.5" y="0" z="17" />
            </transformation>
            <materials>
                <material id="inherit"/>
            </materials>
            <texture id="none"/>
            <children>
                <componentref id="red-chairs"/>
                <componentref id="rtable"/>
            </children>
        </component>

        <component id="rset5">
            <transformation>
                <rotate axis="y" angle="45" />
                <translate x="1.5" y="0" z="10" />
            </transformation>
            <materials>
                <material id="inherit"/>
            </materials>
            <texture id="none"/>
            <children>
                <componentref id="red-chairs"/>
                <componentref id="rtable"/>
            </children>
        </component>

        <component id="rset6">
            <transformation>
                <rotate axis="y" angle="22" />
                <translate x="1.5" y="0" z="14" />
            </transformation>
            <materials>
                <material id="inherit"/>
            </materials>
            <texture id="none"/>
            <children>
                <componentref id="red-chairs"/>
                <componentref id="rtable"/>
            </children>
        </component>

        <component id="rset7">
            <transformation>
                <rotate axis="y" angle="64" />
                <translate x="-7.5" y="0" z="17" />
            </transformation>
            <materials>
                <material id="inherit"/>
            </materials>
            <texture id="none"/>
            <children>
                <componentref id="red-chairs"/>
                <componentref id="rtable"/>
            </children>
        </component>

        <component id="rset8">
            <transformation>
                <rotate axis="y" angle="36" />
                <translate x="-7" y="0" z="10" />
            </transformation>
            <materials>
                <material id="inherit"/>
            </materials>
            <texture id="none"/>
            <children>
                <componentref id="red-chairs"/>
                <componentref id="rtable"/>
            </children>
        </component>

        <component id="rset9">
            <transformation>
                <rotate axis="y" angle="17" />
                <translate x="15" y="0" z="24" />
            </transformation>
            <materials>
                <material id="inherit"/>
            </materials>
            <texture id="none"/>
            <children>
                <componentref id="red-chairs"/>
                <componentref id="rtable"/>
            </children>
        </component>

        <component id="rtable">
            <transformation>
                <translate x="0" y="1" z="1.1" />
            </transformation>
            <materials>
                <material id="inherit"/>
            </materials>
            <texture id="inherit"/>
            <children>
                <componentref id="table2-leg1"/>
                <componentref id="table2-leg2"/>
                <componentref id="table2-leg3"/>
                <componentref id="table2-leg4"/>
                <componentref id="table2-seat"/>
            </children>
        </component>

        <component id="table2-leg1">
            <transformation>
                <translate x="0" y="0" z="0.1" />
                <scale x="0.05" y="0.9" z="0.05" />
            </transformation>
            <materials>
                <material id="inherit"/>
            </materials>
            <texture id="tex-metal"/>
            <children>
                <primitiveref id="cylinder"/>
            </children>
        </component>

        <component id="table2-leg2">
            <transformation>
                <translate x="0" y="0" z="2" />
                <scale x="0.05" y="0.9" z="0.05" />
            </transformation>
            <materials>
                <material id="inherit"/>
            </materials>
            <texture id="tex-metal"/>
            <children>
                <primitiveref id="cylinder"/>
            </children>
        </component>

        <component id="table2-leg3">
            <transformation>
                <translate x="2" y="0" z="0.1" />
                <scale x="0.05" y="0.9" z="0.05" />
            </transformation>
            <materials>
                <material id="inherit"/>
            </materials>
            <texture id="tex-metal"/>
            <children>
                <primitiveref id="cylinder"/>
            </children>
        </component>

        <component id="table2-leg4">
            <transformation>
                <translate x="2" y="0" z="2" />
                <scale x="0.05" y="0.9" z="0.05" />
            </transformation>
            <materials>
                <material id="inherit"/>
            </materials>
            <texture id="tex-metal"/>
            <children>
                <primitiveref id="cylinder"/>
            </children>
        </component>

        <component id="table2-seat">
            <transformation>
                <translate x="0" y="0.9" z="0" />
                <scale x="1.1" y="0.01" z="1.1" />
            </transformation>
            <materials>
                <material id="inherit"/>
            </materials>
            <texture id="tex-superbock" length_s="1.0" length_t="1.0"/>
            <children>
                <primitiveref id="cube"/>
            </children>
        </component>


        <component id="chair">
            <transformation>
                <translate x="0" y="0.2" z="0" />
                <scale x="1" y="1.5" z="1"/>
            </transformation>
            <materials>
                <material id="inherit"/>
            </materials>
            <texture id="tex-green" length_s="1.0" length_t="1.0"/>
            <children>
                <componentref id="chair-leg1"/>
                <componentref id="chair-leg2"/>
                <componentref id="chair-leg3"/>
                <componentref id="chair-leg4"/>
                <componentref id="chair-seat"/>
                <componentref id="chair-back"/>
            </children>
        </component>

        <component id="chair-leg1">
            <transformation>
                <translate x="0" y="0.6" z="0" />
                <scale x="0.1" y="0.4" z="0.1" />
            </transformation>
            <materials>
                <material id="inherit"/>
            </materials>
            <texture id="inherit" length_s="1.0" length_t="1.0"/>
            <children>
                <primitiveref id="cube"/>
            </children>
        </component>

        <component id="chair-leg2">
            <transformation>
                <translate x="0" y="0.6" z="1" />
                <scale x="0.1" y="0.4" z="0.1" />
            </transformation>
            <materials>
                <material id="inherit"/>
            </materials>
            <texture id="inherit" length_s="1.0" length_t="1.0"/>
            <children>
                <primitiveref id="cube"/>
            </children>
        </component>

        <component id="chair-leg3">
            <transformation>
                <translate x="1" y="0.6" z="0" />
                <scale x="0.1" y="0.4" z="0.1" />
            </transformation>
            <materials>
                <material id="inherit"/>
            </materials>
            <texture id="inherit" length_s="1.0" length_t="1.0"/>
            <children>
                <primitiveref id="cube"/>
            </children>
        </component>

        <component id="chair-leg4">
            <transformation>
                <translate x="1" y="0.6" z="1" />
                <scale x="0.1" y="0.4" z="0.1" />
            </transformation>
            <materials>
                <material id="inherit"/>
            </materials>
            <texture id="inherit" length_s="1.0" length_t="1.0"/>
            <children>
                <primitiveref id="cube"/>
            </children>
        </component>

        <component id="chair-seat">
            <transformation>
                <translate x="0" y="1.3" z="0" />
                <scale x="0.6" y="0.1" z="0.6" />
            </transformation>
            <materials>
                <material id="inherit"/>
            </materials>
            <texture id="inherit" length_s="1.0" length_t="1.0"/>
            <children>
                <primitiveref id="cube"/>
            </children>
        </component>

        <component id="chair-back">
            <transformation>
                <translate x="0" y="1.3" z="0" />
                <scale x="0.6" y="0.6" z="0.05" />
            </transformation>
            <materials>
                <material id="inherit"/>
            </materials>
            <texture id="inherit" length_s="1.0" length_t="1.0"/>
            <children>
                <primitiveref id="cube"/>
            </children>
        </component>

        <component id="chairs">
            <transformation>
            </transformation>
            <materials>
                <material id="inherit"/>
            </materials>
            <texture id="tex-green" length_s="1.0" length_t="1.0"/>
            <children>
                <componentref id="chair1"/>
                <componentref id="chair2"/>
                <componentref id="chair3"/>
                <componentref id="chair4"/>
                <componentref id="chair5"/>
                <componentref id="chair6"/>
            </children>
        </component>


        <component id="chair1">
            <transformation>
                <translate x="0.5" y="-0.5" z="0.6" />
            </transformation>
            <materials>
                <material id="inherit"/>
            </materials>
            <texture id="inherit" length_s="1.0" length_t="1.0"/>
            <children>
                <componentref id="chair"/>
            </children>
        </component>

        <component id="chair2">
            <transformation>
                <rotate axis="y" angle="90" />
                <translate x="-2.7" y="-0.5" z="-1" />
            </transformation>
            <materials>
                <material id="inherit"/>
            </materials>
            <texture id="inherit" length_s="1.0" length_t="1.0"/>
            <children>
                <componentref id="chair"/>
            </children>
        </component>

        <component id="chair3">
            <transformation>
                <rotate axis="y" angle="90" />
                <translate x="-4.7" y="-0.5" z="-1" />
            </transformation>
            <materials>
                <material id="inherit"/>
            </materials>
            <texture id="inherit" length_s="1.0" length_t="1.0"/>
            <children>
                <componentref id="chair"/>
            </children>
        </component>

        <component id="chair4">
            <transformation>
                <rotate axis="y" angle="270" />
                <translate x="1.7" y="-0.5" z="-3" />
            </transformation>
            <materials>
                <material id="inherit"/>
            </materials>
            <texture id="inherit" length_s="1.0" length_t="1.0"/>
            <children>
                <componentref id="chair"/>
            </children>
        </component>

        <component id="chair5">
            <transformation>
                <rotate axis="y" angle="270" />
                <translate x="3.7" y="-0.5" z="-3" />
            </transformation>
            <materials>
                <material id="inherit"/>
            </materials>
            <texture id="inherit" length_s="1.0" length_t="1.0"/>
            <children>
                <componentref id="chair"/>
            </children>
        </component>

        <component id="chair6">
            <transformation>
                <rotate axis="y" angle="180" />
                <translate x="-1.5" y="-0.5" z="-5.7" />
            </transformation>
            <materials>
                <material id="inherit"/>
            </materials>
            <texture id="inherit" length_s="1.0" length_t="1.0"/>
            <children>
                <componentref id="chair"/>
            </children>
        </component>

        <component id="red-chair">
            <transformation>
            </transformation>
            <materials>
                <material id="inherit"/>
            </materials>
            <texture id="tex-red" length_s="1.0" length_t="1.0"/>
            <children>
                <componentref id="red-chair-leg1"/>
                <componentref id="red-chair-leg2"/>
                <componentref id="red-chair-leg3"/>
                <componentref id="red-chair-leg4"/>
                <componentref id="red-chair-seat"/>
                <componentref id="red-chair-back"/>
                <componentref id="red-chair-arm1"/>
                <componentref id="red-chair-arm2"/>
                <componentref id="red-chair-arm3"/>
                <componentref id="red-chair-arm4"/>
            </children>
        </component>

        <component id="red-chair-leg1">
            <transformation>
                <translate x="0" y="0.5" z="0" />
                <scale x="0.05" y="0.5" z="0.05" />
            </transformation>
            <materials>
                <material id="inherit"/>
            </materials>
            <texture id="tex-metal" length_s="1.0" length_t="1.0"/>
            <children>
                <primitiveref id="cube"/>
            </children>
        </component>

        <component id="red-chair-leg2">
            <transformation>
                <translate x="0" y="0.5" z="1" />
                <scale x="0.05" y="0.5" z="0.05" />
            </transformation>
            <materials>
                <material id="inherit"/>
            </materials>
            <texture id="tex-metal" length_s="1.0" length_t="1.0"/>
            <children>
                <primitiveref id="cube"/>
            </children>
        </component>

        <component id="red-chair-leg3">
            <transformation>
                <translate x="1" y="0.5" z="0" />
                <scale x="0.05" y="0.5" z="0.05" />
            </transformation>
            <materials>
                <material id="inherit"/>
            </materials>
            <texture id="tex-metal" length_s="1.0" length_t="1.0"/>
            <children>
                <primitiveref id="cube"/>
            </children>
        </component>

        <component id="red-chair-leg4">
            <transformation>
                <translate x="1" y="0.5" z="1" />
                <scale x="0.05" y="0.5" z="0.05" />
            </transformation>
            <materials>
                <material id="inherit"/>
            </materials>
            <texture id="tex-metal" length_s="1.0" length_t="1.0"/>
            <children>
                <primitiveref id="cube"/>
            </children>
        </component>

        <component id="red-chair-seat">
            <transformation>
                <translate x="0" y="1.5" z="0" />
                <scale x="0.6" y="0.05" z="0.55" />
            </transformation>
            <materials>
                <material id="inherit"/>
            </materials>
            <texture id="inherit" length_s="1.0" length_t="1.0"/>
            <children>
                <primitiveref id="cube"/>
            </children>
        </component>

        <component id="red-chair-back">
            <transformation>
                <translate x="0" y="1.5" z="0" />
                <scale x="0.6" y="0.65" z="0.05" />
            </transformation>
            <materials>
                <material id="inherit"/>
            </materials>
            <texture id="inherit" length_s="1.0" length_t="1.0"/>
            <children>
                <primitiveref id="cube"/>
            </children>
        </component>

        <component id="red-chair-arm1">
            <transformation>
                <translate x="0" y="1.98" z="0" />
                <scale x="0.05" y="0.05" z="0.55" />
            </transformation>
            <materials>
                <material id="inherit"/>
            </materials>
            <texture id="inherit" length_s="1.0" length_t="1.0"/>
            <children>
                <primitiveref id="cube"/>
            </children>
        </component>

        <component id="red-chair-arm2">
            <transformation>
                <translate x="1" y="1.98" z="0" />
                <scale x="0.05" y="0.05" z="0.5" />
            </transformation>
            <materials>
                <material id="inherit"/>
            </materials>
            <texture id="inherit" length_s="1.0" length_t="1.0"/>
            <children>
                <primitiveref id="cube"/>
            </children>
        </component>

        <component id="red-chair-arm3">
            <transformation>
                <translate x="0" y="1.55" z="1" />
                <scale x="0.05" y="0.25" z="0.05" />
            </transformation>
            <materials>
                <material id="inherit"/>
            </materials>
            <texture id="inherit" length_s="1.0" length_t="1.0"/>
            <children>
                <primitiveref id="cube"/>
            </children>
        </component>

        <component id="red-chair-arm4">
            <transformation>
                <translate x="1" y="1.55" z="1" />
                <scale x="0.05" y="0.25" z="0.05" />
            </transformation>
            <materials>
                <material id="inherit"/>
            </materials>
            <texture id="inherit" length_s="1.0" length_t="1.0"/>
            <children>
                <primitiveref id="cube"/>
            </children>
        </component>

        <component id="red-chairs">
            <transformation>
            </transformation>
            <materials>
                <material id="inherit"/>
            </materials>
            <texture id="tex-green" length_s="1.0" length_t="1.0"/>
            <children>
                <componentref id="red-chair1"/>
                <componentref id="red-chair2"/>
                <componentref id="red-chair3"/>
                <componentref id="red-chair4"/>
            </children>
        </component>

        <component id="red-chair1">
            <transformation>
                <translate x="0.5" y="-0.5" z="0.6" />
            </transformation>
            <materials>
                <material id="inherit"/>
            </materials>
            <texture id="inherit" length_s="1.0" length_t="1.0"/>
            <children>
                <componentref id="red-chair"/>
            </children>
        </component>

        <component id="red-chair2">
            <transformation>
                <rotate axis="y" angle="90" />
                <translate x="-2.7" y="-0.5" z="-1" />
            </transformation>
            <materials>
                <material id="inherit"/>
            </materials>
            <texture id="inherit" length_s="1.0" length_t="1.0"/>
            <children>
                <componentref id="red-chair"/>
            </children>
        </component>

        <component id="red-chair3">
            <transformation>
                <rotate axis="y" angle="-90" />
                <translate x="1.7" y="-0.5" z="-3" />
            </transformation>
            <materials>
                <material id="inherit"/>
            </materials>
            <texture id="inherit" length_s="1.0" length_t="1.0"/>
            <children>
                <componentref id="red-chair"/>
            </children>
        </component>

        <component id="red-chair4">
            <transformation>
                <rotate axis="y" angle="-180" />
                <translate x="-1.5" y="-0.5" z="-4" />
            </transformation>
            <materials>
                <material id="inherit"/>
            </materials>
            <texture id="inherit" length_s="1.0" length_t="1.0"/>
            <children>
                <componentref id="red-chair"/>
            </children>
        </component>

        <component id="ball">
            <transformation>
                <translate x="15.2" y="0.81" z="1"/>
                <scale x="0.4" y="0.4" z="0.4"/>
            </transformation>
            <materials>
                <material id ="inherit"/>
            </materials>
            <texture id="tex-green"/>
            <children>
                <primitiveref id="sphere"/>
            </children>
        </component>

        <component id="umbrella">
            <transformation>
            </transformation>
            <materials>
                <material id="inherit"/>
            </materials>
            <texture id="none"/>
            <children>
                <componentref id="umbrella1"/>
                <componentref id="umbrella2"/>
                <componentref id="umbrella3"/>
            </children>
        </component>

        <component id="umbrella1">
            <transformation>
                <translate x="7" y="0.2" z="10"/>
            </transformation>
            <materials>
                <material id ="inherit"/>
            </materials>
            <texture id="none"/>
            <children>
                <componentref id="umbrella-top"/>
                <componentref id="umbrella-bot"/>
                <componentref id="umbrella-arm"/>
            </children>
        </component>

        <component id="umbrella2">
            <transformation>
                <translate x="10" y="0.2" z="20"/>
            </transformation>
            <materials>
                <material id ="inherit"/>
            </materials>
            <texture id="none"/>
            <children>
                <componentref id="umbrella-top"/>
                <componentref id="umbrella-bot"/>
                <componentref id="umbrella-arm"/>
            </children>
        </component>

        <component id="umbrella3">
            <transformation>
                <translate x="14" y="0.2" z="10"/>
            </transformation>
            <materials>
                <material id ="inherit"/>
            </materials>
            <texture id="none"/>
            <children>
                <componentref id="umbrella-top"/>
                <componentref id="umbrella-bot"/>
                <componentref id="umbrella-arm"/>
            </children>
        </component>

        <component id="umbrella-top">
            <transformation>
                <rotate axis="x" angle="-90"/>
                <translate x="0" y="0" z="3.4"/>
                <scale x="0.8" y="0.8" z="0.2"/>
            </transformation>
            <materials>
                <material id ="inherit"/>
            </materials>
            <texture id="tex-red" length_s="1" length_t="1"/>
            <children>
                <primitiveref id="cone"/>
            </children>
        </component>

        <component id="umbrella-arm">
            <transformation>
                <scale x="0.09" y="2" z="0.09"/>
                <translate x="0" y="1" z="0"/>
            </transformation>
            <materials>
                <material id ="inherit"/>
            </materials>
            <texture id="tex-metal"/>
            <children>
                <primitiveref id="cylinder"/>
            </children>
        </component>

        <component id="umbrella-bot">
            <transformation>
                <rotate axis="x" angle="-90"/>
                <scale x="0.36" y="0.36" z="0.05"/>
            </transformation>
            <materials>
                <material id ="inherit"/>
            </materials>
            <texture id="tex-metal" length_s="1" length_t="1"/>
            <children>
                <primitiveref id="cone"/>
            </children>
        </component>

        <component id="awning">
            <transformation>
            </transformation>
            <materials>
                <material id="inherit"/>
            </materials>
            <texture id="tex-dark-grey" length_s="1.0" length_t="1.0"/>
            <children>
                <componentref id="post1"/>
                <componentref id="post2"/>
                <componentref id="post3"/>
                <componentref id="post4"/>
                <componentref id="cover1"/>
                <componentref id="cover2"/>
                <componentref id="cover3"/>
                <componentref id="cover4"/>
                <componentref id="top"/>
            </children>
        </component>

        <component id="post1">
            <transformation>
                <translate x="21" y="4.8" z="4.5" />
                <scale x="0.2" y="4.8" z="0.2" />
            </transformation>
            <materials>
                <material id="inherit"/>
            </materials>
            <texture id="inherit"/>
            <children>
                <primitiveref id="cylinder"/>
            </children>
        </component>

        <component id="post2">
            <transformation>
                <translate x="21" y="5" z="17" />
                <scale x="0.2" y="4.8" z="0.2" />
            </transformation>
            <materials>
                <material id="inherit"/>
            </materials>
            <texture id="inherit"/>
            <children>
                <primitiveref id="cylinder"/>
            </children>
        </component>

        <component id="post3">
            <transformation>
                <translate x="33" y="5" z="4.5" />
                <scale x="0.2" y="4.8" z="0.2" />
            </transformation>
            <materials>
                <material id="inherit"/>
            </materials>
            <texture id="inherit"/>
            <children>
                <primitiveref id="cylinder"/>
            </children>
        </component>

        <component id="post4">
            <transformation>
                <translate x="33" y="5" z="17" />
                <scale x="0.2" y="4.8" z="0.2" />
            </transformation>
            <materials>
                <material id="inherit"/>
            </materials>
            <texture id="inherit"/>
            <children>
                <primitiveref id="cylinder"/>
            </children>
        </component>

        <component id="cover1">
            <transformation>
                <translate x="34.2" y="9.3" z="11" />
                <rotate axis="z" angle="60"/>
                <scale x="9" y="8.2" z="7" />
            </transformation>
            <materials>
                <material id="inherit"/>
            </materials>
            <texture id="tex-dark-grey" length_s="1.0" length_t="1.0"/>
            <children>
                <primitiveref id="triangle"/>
            </children>
        </component>

        <component id="cover2">
            <transformation>
                <translate x="20" y="9.3" z="11" />
                <rotate axis="z" angle="-60"/>
                <rotate axis="y" angle="180"/>
                <scale x="9" y="8.2" z="7" />
            </transformation>
            <materials>
                <material id="inherit"/>
            </materials>
            <texture id="tex-dark-grey" length_s="1.0" length_t="1.0"/>
            <children>
                <primitiveref id="triangle"/>
            </children>
        </component>

        <component id="cover3">
            <transformation>
                <translate x="27.1" y="9.3" z="4" />
                <rotate axis="y" angle="90"/>
                <rotate axis="z" angle="60"/>
                <scale x="8.2" y="8.2" z="7.1" />
            </transformation>
            <materials>
                <material id="inherit"/>
            </materials>
            <texture id="tex-dark-grey" length_s="1.0" length_t="1.0"/>
            <children>
                <primitiveref id="triangle"/>
            </children>
        </component>

        <component id="cover4">
            <transformation>
                <translate x="27.1" y="9.3" z="18" />
                <rotate axis="y" angle="90"/>
                <rotate axis="z" angle="-60"/>
                <rotate axis="y" angle="180"/>
                <scale x="8.2" y="8.2" z="7.1" />
            </transformation>
            <materials>
                <material id="inherit"/>
            </materials>
            <texture id="tex-dark-grey" length_s="1.0" length_t="1.0"/>
            <children>
                <primitiveref id="triangle"/>
            </children>
        </component>

        <component id="top">
            <transformation>
                <rotate axis="x" angle="90"/>
                <scale x="0.1" y="0.1" z="0.1" />
                <translate x="270" y="110" z="-132" />
            </transformation>
            <materials>
                <material id="inherit"/>
            </materials>
            <texture id="tex-dark-grey"/>
            <children>
                <primitiveref id="torus"/>
            </children>
        </component>

    </components>
</yas>